Street,District
28 lipca 1943,zwierzyniec
29 listopada,stare miasto
2 pułku lotniczego,czyżyny
308 dywizjonu,czyżyny
3 maja,łobzów
6 sierpnia,prądnik czerwony
8 pułku ułanów,dębniki
abrahama,wola duchacka
agatowa,prokocim-bieżanów
agawy,podgórze
agrestowa,zwierzyniec
akacjowa,prądnik czerwony
akademicka,łobzów
akademickie,czyżyny
albańska,wola duchacka
albatrosów,podgórze
albertyńskie,bieńczyce
adolfa aleksandrowicza,swoszowice
aleksandry,prokocim-bieżanów
algierska,wola duchacka
aliny,prądnik czerwony
altanowa,bronowice
amarantowa,swoszowice
amazonek,zwierzyniec
ametystowa,prokocim-bieżanów
andegaweńska,bieńczyce
hansa christiana andersena,bieńczyce
ivo andricia,wola duchacka
józefa andrusikiewicza,prokocim-bieżanów
andrychowska,wola duchacka
antyczna,prądnik czerwony
anusi,dębniki
architektów,grębałów
tomasza arciszewskiego,bronowice
henryka arctowskiego,czyżyny
ariańska,grzegórzki
arktyczna,dębniki
armii krajowej,bronowice
armii ”kraków”,swoszowice
arsenał,prądnik biały
artystów,nowa huta
adama asnyka,stare miasto
astronautów,zwierzyniec
astronomów,zwierzyniec
augustiańska,stare miasto
antoniego augustynka -wichury,łobzów
azaliowa,prądnik biały
babiego lata,swoszowice
babinicza,dębniki
doktora józefa babińskiego,dębniki
grażyny bacewiczówny,grębałów
klimka bachledy,prądnik czerwony
andrzeja badurskiego,wola duchacka
bagatela,zwierzyniec
bagienna,dębniki
bagrowa,podgórze
jerzego bajana,prądnik czerwony
bajeczna,grzegórzki
bakałarzy,łobzów
balanówka,dębniki
balicka,bronowice
stanisława balickiego,podgórze
balladyny,prądnik czerwony
bałtycka,prądnik biały
michała bałuckiego,dębniki
stefana banacha,prądnik biały
tadeusza banachiewicza,swoszowice
jerzego samuela bandtkiego,bronowice
adriana baranieckiego,zwierzyniec
barbary,prokocim-bieżanów
bardosa,nowa huta
piotra bardowskiego,podgórze
stanisława barei,prądnik czerwony
barska,dębniki
profesora wojciecha marii bartla,stare miasto
bartnicza,nowa huta
bartników,podgórze
bartosza,stare miasto
pułkownika barty,podgórze
barwinkowa,nowa huta
barwna,nowa huta
barycka,swoszowice
henryka barycza,dębniki
bastionowa,swoszowice
basztowa,stare miasto
batalionów chłopskich,dębniki
batalionu ”parasol”,bieńczyce
batalionu skała ak,prądnik biały
batalionu zośka,bieńczyce
mariana batki,podgórze
batowicka,prądnik biały
bazarowa,podgórze
eugeniusza baziaka,mistrzejowice
bażancia,zwierzyniec
kaspra bażanki,dębniki
klemensa bąkowskiego,zwierzyniec
józefa becka,zwierzyniec
bednarska,swoszowice
pułkownika władysława beliny-prażmowskiego,grzegórzki
józefa bellerta,swoszowice
belwederczyków,prądnik biały
władysława bełzy,swoszowice
generała józefa bema,grzegórzki
ludomira benedyktowicza,zwierzyniec
benedyktyńska,dębniki
maurycego beniowskiego,łobzów
berberysowa,zwierzyniec
berdyczowska,swoszowice
wacława berenta,łobzów
bernardyńska,stare miasto
ryszarda berwińskiego,prądnik biały
beskidzka,wola duchacka
betlejemska,grębałów
betonowa,nowa huta
będzińska,stare miasto
biała,prądnik biały
biała droga,dębniki
białe wzgórze,zwierzyniec
białoprądnicka,prądnik biały
białoruska,wola duchacka
białostocka,swoszowice
białych brzóz,prądnik czerwony
bibicka,prądnik biały
franciszka bielaka,zwierzyniec
bielańska,zwierzyniec
inżyniera adama bielańskiego,zwierzyniec
marcina bielskiego,prokocim-bieżanów
profesor janiny bieniarzówny,dębniki
bieńczycka,grzegórzki
bieńczycki plac targowy,bieńczyce
ludwika bierkowskiego,prokocim-bieżanów
edmunda biernackiego,łobzów
biernata z lublina,wola duchacka
biesiadna,dębniki
bieszczadzka,swoszowice
bieżanowska,podgórze
billewiczów,dębniki
mateusza birkuta,grębałów
biskupia,stare miasto
biskupińska,podgórze
jurka bitschana,prądnik czerwony
bitwy nad bzurą,mistrzejowice
biwakowa,nowa huta
blacharska,swoszowice
księdza franciszka blachnickiego,grzegórzki
blich,grzegórzki
bliska,prądnik biały
blokowa,grębałów
bluszczowa,swoszowice
bławatkowa,wola duchacka
błękitna,prądnik czerwony
błotna,wola duchacka
błotniska,dębniki
bobrowa,dębniki
stefana bobrowskiego,grzegórzki
marii bobrzeckiej,prądnik biały
profesora michała bobrzyńskiego,dębniki
adama bochenka,wola duchacka
bocheńska,stare miasto
ojca józefa bocheńskiego,dębniki
profesora adama bochnaka,swoszowice
bociana,prądnik biały
boczna,dębniki
bocznica,prokocim-bieżanów
bodziszkowa,zwierzyniec
bodzowska,dębniki
karola bogdanowicza,łagiewniki
wincentego bogdanowskiego,swoszowice
bogucianka,dębniki
bogucicka,prokocim-bieżanów
wojciecha bogusławskiego,stare miasto
józefa bogusza,bieńczyce
boguszówka,czyżyny
bohaterów wietnamu,prądnik czerwony
bohaterów września,mistrzejowice
franciszka bohomolca,prądnik czerwony
bojanówka,dębniki
jakuba bojki,wola duchacka
bolesława chrobrego,grzegórzki
bolesława krzywoustego,grębałów
bolesława śmiałego,dębniki
bolesława wstydliwego,grębałów
bonarka,podgórze
bonerowska,stare miasto
bonifraterska,stare miasto
generała tadeusza bora-komorowskiego,prądnik czerwony
czesława boratyńskiego,swoszowice
marcina borelowskiego-lelewela,zwierzyniec
borkowska,swoszowice
borkowskie błonia,łagiewniki
piotra borowego,zwierzyniec
iwony borowickiej,grzegórzki
borowinowa,swoszowice
borówczana,zwierzyniec
borsucza,łagiewniki
generała mieczysława boruty-spiechowicza,nowa huta
bosacka,stare miasto
bosaków,prądnik czerwony
botaniczna,grzegórzki
christo botewa,podgórze
tadeusza boya-żeleńskiego,bronowice
olgi boznańskiej,prądnik czerwony
bożego ciała,stare miasto
bożego miłosierdzia,stare miasto
bożywoja,grębałów
bór,dębniki
braci jamków,prokocim-bieżanów
braci kiemliczów,dębniki
braci polskich,grębałów
braci schindlerów,czyżyny
bracka,stare miasto
konstantego brandla,podgórze
branicka,nowa huta
braterska,podgórze
braterstwa broni,dębniki
bratkowa,grzegórzki
bratysławska,prądnik biały
brązownicza,łobzów
józefa brodowicza,grzegórzki
kazimierza brodzińskiego,podgórze
brogi,prądnik czerwony
władysława broniewskiego,bieńczyce
bronowice nowe,bronowice
bronowicka,bronowice
browarniana,dębniki
jana brożka,łagiewniki
aleksandra br¨ ucknera,dębniki
bruśnicka,grębałów
bruzdowa,zwierzyniec
brzask,dębniki
jana brzechwy,prądnik czerwony
brzegowa,bronowice
brzeska,nowa huta
piotra brzezińskiego,bronowice
brzozowa,stare miasto
stanisława brzozowskiego,bronowice
witolda budryka,łobzów
budrysów,prądnik biały
budziszyńska,mistrzejowice
bugaj,podgórze
franciszka bujaka,wola duchacka
odona bujwida,grzegórzki
bukietowa,prądnik biały
bukowa,podgórze
bukszpanowa,grębałów
bularnia,prądnik biały
bulwarowa,nowa huta
bułgarska,dębniki
jana bułhaka,dębniki
karola bunscha,dębniki
buraczana,wola duchacka
burgundzka,dębniki
bursztynowa,prądnik biały
burzowa,grębałów
jana buszka,łobzów
butrymów,dębniki
bydgoska,łobzów
bystra,wola duchacka
jana stanisława bystronia,grębałów
bytomska,łobzów
edwarda bzymka-strzałkowskiego,bronowice
cechowa,wola duchacka
cedrowa,zwierzyniec
cedyńska,mistrzejowice
cegielniana,łagiewniki
ceglarska,dębniki
rozalii celakówny,bieńczyce
celarowska,prądnik czerwony
celna,podgórze
cementowa,nowa huta
centkiewiczów,dębniki
centralna,czyżyny
centrum a,nowa huta
centrum b,nowa huta
centrum c,nowa huta
centrum d,nowa huta
centrum e,nowa huta
benedykta cesarza,łagiewniki
chabrowa,prądnik biały
tytusa chałubińskiego,swoszowice
chałupki,nowa huta
kazimierza chałupnika,prądnik czerwony
heleny chanieckiej,swoszowice
józefa chełmońskiego,prądnik biały
józefa chełmońskiego-deptak,prądnik biały
chełmska,zwierzyniec
chęcińska,swoszowice
chlebiczna,dębniki
chlebowa,prądnik czerwony
chłodna,łagiewniki
generała józefa chłopickiego,grzegórzki
chłopska,podgórze
adama chmiela,łobzów
chmieleniec,dębniki
chmielna,łagiewniki
adama chmielowskiego,stare miasto
chmurna,prądnik biały
chochołowska,łagiewniki
chocimska,łobzów
jana karola chodkiewicza,grzegórzki
daniela chodowieckiego,łobzów
chojnicka,swoszowice
fryderyka chopina,łobzów
chorzowska,swoszowice
ignacego chrzanowskiego,swoszowice
leona chwistka,zwierzyniec
ciasna,wola duchacka
cicha,bronowice
cichociemnych ak,czyżyny
cichy kącik,zwierzyniec
ciechanowska,swoszowice
stanisława ciechanowskiego,zwierzyniec
ciechocińska,swoszowice
ciekowiec,nowa huta
ciemna,stare miasto
cienista,bieńczyce
łukasza cieplińskiego,grzegórzki
ciepła,swoszowice
ciepłownicza,czyżyny
ciesielska,łagiewniki
cieszyńska,łobzów
ernesta cieślewskiego,grzegórzki
haliny cieślińskiej-brzeskiej,grębałów
adama ciołkosza,swoszowice
konstantego ciołkowskiego,prądnik czerwony
cisowa,zwierzyniec
pana cogito,prądnik czerwony
combrowa,prądnik czerwony
josepha conrada,prądnik biały
cuplowa,czyżyny
napoleona cybulskiego,stare miasto
cygańska,zwierzyniec
cyprysów,grębałów
cystersów,grzegórzki
tadeusza czackiego,podgórze
czajek,zwierzyniec
józefa czajkowskiego,swoszowice
kazimierza czapińskiego,łobzów
władysława czaplickiego,mistrzejowice
czapskich,stare miasto
stefana czarnieckiego,podgórze
czarnochowicka,prokocim-bieżanów
czarnogórska,wola duchacka
czarnolaska,mistrzejowice
czarnowiejska,stare miasto
czarodziejska,dębniki
bronisława czecha,łobzów
czechosłowacka,dębniki
szymona czechowicza,prokocim-bieżanów
czeczeńska,nowa huta
henryka czeczotta,podgórze
henryka i karola czeczów,prokocim-bieżanów
czeladnicza,bronowice
błażeja czepca,bronowice
profesora zdzisława czeppe,dębniki
czeremchowa,zwierzyniec
czereśniowa,prądnik czerwony
czerska,swoszowice
rafała czerwiakowskiego,prokocim-bieżanów
bolesława czerwieńskiego,prądnik biały
czerwona,prądnik czerwony
czerwonego kapturka,grębałów
czerwonego prądnika,prądnik czerwony
czerwone maki,dębniki
czołgistów,swoszowice
czorsztyńska,prokocim-bieżanów
bolesława czuchajowskiego,nowa huta
mariana czuchnowskiego,swoszowice
czwartaków,dębniki
emiliana czyrniańskiego,swoszowice
czysta,stare miasto
tytusa czyżewskiego,bronowice
czyżówka,podgórze
czyżyków,zwierzyniec
czyżyńska,prądnik czerwony
czyżyńskie,nowa huta
mieczysławy ćwiklińskiej,prokocim-bieżanów
ćwikłowa,dębniki
dajwór,stare miasto
daleka,zwierzyniec
daliowa,wola duchacka
danalówka,prokocim-bieżanów
gustawa daniłowskiego,nowa huta
wincentego danka,prądnik biały
danusi jurandówny,dębniki
wojciecha darasza,prokocim-bieżanów
karola darwina,grębałów
ignacego daszyńskiego,grzegórzki
alfreda dauna,wola duchacka
pułkownika stanisława dąbka,podgórze
dąbrowa,dębniki
henryka dąbrowskiego,podgórze
marii dąbrowskiej,czyżyny
dąbrówki,podgórze
dąbska,grzegórzki
dekarzy,łagiewniki
jana dekerta,podgórze
edwarda dembowskiego,podgórze
deotymy,łagiewniki
księdza władysława dercza,swoszowice
dereniowa,dębniki
deszczowa,nowa huta
stanisława dębickiego,swoszowice
dębnicka,dębniki
dęboroga,dębniki
dębowa,dębniki
józefa dietla,stare miasto
długa,stare miasto
jana długosza,podgórze
romana dmowskiego,mistrzejowice
dobczycka,wola duchacka
dobra,prądnik czerwony
dobrego pasterza,prądnik czerwony
antoniego dobrowolskiego,dębniki
jerzego dobrzyckiego,zwierzyniec
do fortu,mistrzejowice
do groty,dębniki
dojazdowa,zwierzyniec
do kopca,zwierzyniec
doktora judyma,swoszowice
doktora twardego,prądnik biały
dolina,zwierzyniec
jarosława dolińskiego,bronowice
dolna,czyżyny
dolnomłyńska,czyżyny
dolnych młynów,stare miasto
do luboni,wola duchacka
mariana domagały,prokocim-bieżanów
ignacego domeyki,łobzów
dominikanów,prądnik czerwony
dominikańska,stare miasto
domki,grzegórzki
domowa,dębniki
do obserwatorium,zwierzyniec
do przystani,zwierzyniec
witolda doroszewskiego,swoszowice
do wilgi,łagiewniki
do wisły,czyżyny
dożynkowa,prądnik biały
drewniana,podgórze
droga do zamku,stare miasto
droga nad białuchą,grzegórzki
droga rokadowa,swoszowice
karola i jerzego drozdowskich,dębniki
drożdżowa,prokocim-bieżanów
drożyna,zwierzyniec
drożyska,nowa huta
dróżka,swoszowice
dróżnicka,prądnik biały
druhny hanki,łagiewniki
drukarska,dębniki
druskiennicka,swoszowice
elżbiety drużbackiej,swoszowice
drzymały,bronowice
stanisława dubois,prokocim-bieżanów
duchacka,prądnik czerwony
dukatów,grzegórzki
juliana dunajewskiego,stare miasto
xawerego dunikowskiego,bieńczyce
rotmistrza zbigniewa dunin-wąsowicza,zwierzyniec
duża góra,prokocim-bieżanów
generała józefa dwernickiego,grzegórzki
dworcowa,podgórze
dworna,zwierzyniec
dworska,dębniki
dworski ogród,dębniki
dworzec,podgórze
benedykta dybowskiego,nowa huta
adolfa dygasińskiego,prokocim-bieżanów
dymarek,nowa huta
dymnik,podgórze
dywizjonu 303,czyżyny
działkowa,prokocim-bieżanów
stanisława działowskiego,dębniki
emila dziedzica,prądnik czerwony
dziekanowicka,mistrzejowice
dzielna,prądnik biały
mirosława dzielskiego,prądnik czerwony
dziewanny,prądnik biały
dziewiarzy,dębniki
dzikiej róży,swoszowice
księdza frańciszka dźwigońskiego,wola duchacka
gustawa ehrenberga,prądnik biały
eugeniusza eibischa,swoszowice
filipa eisenberga,grzegórzki
władysława ekielskiego,dębniki
józefa elsnera,prądnik biały
emaus,zwierzyniec
porucznika emira,dębniki
estery,stare miasto
estońska,wola duchacka
estreicherów,zwierzyniec
fabryczna,grzegórzki
facimiech,prokocim-bieżanów
falista,dębniki
falowa,łagiewniki
juliana fałata,zwierzyniec
fałęcka,swoszowice
familijna,swoszowice
farmaceutów,grzegórzki
fatimska,bieńczyce
jerzego fedkowicza,dębniki
wacława felczaka,dębniki
wilhelma feldmana,stare miasto
felicjanek,stare miasto
sereno fenn’a,stare miasto
antoniego fertnera,prądnik czerwony
generała augusta fieldorfa-nila,prądnik biały
księdza kazimierza figlewicza,nowa huta
filarecka,zwierzyniec
generała juliana filipowicza,wola duchacka
filtrowa,bronowice
fiołkowa,prądnik czerwony
fiszera,prądnik biały
henryka flame,nowa huta
leopolda flanka,prokocim-bieżanów
flisacka,zwierzyniec
romana florera,czyżyny
floriańska,stare miasto
walentego florkowskiego,grębałów
marszałka ferdinanda focha,zwierzyniec
folwarczna,grębałów
forteczna,swoszowice
fosa,dębniki
franciszkańska,stare miasto
aleksandra fredry,łagiewniki
emila freege’go,grębałów
józefa friedleina,łobzów
karola frycza,prądnik biały
andrzeja frycza-modrzewskiego,prądnik biały
gacki,swoszowice
walerego gadomskiego,swoszowice
gaik,prądnik biały
jana gajocha,nowa huta
gajowa,łagiewniki
gajówka,zwierzyniec
galaktyczna,dębniki
józefa gałęzowskiego,swoszowice
mahatmy gandhiego,zwierzyniec
garbarska,stare miasto
stefana garczyńskiego,grzegórzki
ludwika gardowskiego,prokocim-bieżanów
pułkownika edwarda gardy-godlewskiego,grębałów
garncarska,stare miasto
biskupa józefa gawliny,prądnik biały
gazowa,stare miasto
wacława gąsiorowskiego,swoszowice
gdańska,prądnik czerwony
gdowska,swoszowice
gdyńska,prądnik biały
geodetów,grębałów
geologów,swoszowice
gerberowa,prokocim-bieżanów
mikołaja gerlaha,grębałów
wojciecha gersona,prokocim-bieżanów
gęsia,grzegórzki
jerzego giedroycia,nowa huta
gilowa,swoszowice
gipsowa,podgórze
gliniana,podgórze
glinik,grębałów
zygmunta glogera,prądnik biały
głębinowa,grębałów
głęboka,prądnik biały
głogowa,prądnik biały
głogowiec,zwierzyniec
głogowska,podgórze
bartosza głowackiego,bronowice
gminna,wola duchacka
gnieźnieńska,prądnik biały
pułkownika władysława gnysia,czyżyny
cypriana godebskiego,grębałów
emila godlewskiego,bronowice
walerego goetla,łobzów
golikówka,podgórze
golkowicka,swoszowice
gołaśka,wola duchacka
stanisława gołąba,swoszowice
gołębia,stare miasto
witolda gombrowicza,swoszowice
gontyna,zwierzyniec
goplany,łagiewniki
jana aleksandra gorczyna,swoszowice
goryczkowa,łagiewniki
juliana goslara,łagiewniki
gospodarska,prądnik biały
seweryna goszczyńskiego,podgórze
gościnna,swoszowice
goździkowa,swoszowice
górali,nowa huta
górka narodowa,prądnik biały
górna,bronowice
łukasza górnickiego,prądnik biały
górników,prokocim-bieżanów
górska,wola duchacka
ignacego grabczaka,prądnik biały
grabowa,zwierzyniec
ambrożego grabowskiego,stare miasto
gradowa,bronowice
gramatyka,łobzów
graniczna,nowa huta
granitowa,dębniki
grawerska,swoszowice
grażyny,prądnik biały
grąby,nowa huta
grenadierów,bronowice
grębałowska,grębałów
grochowa,podgórze
stanisława grochowiaka,prądnik biały
grochowska,grzegórzki
grodzisko,dębniki
grodzka,stare miasto
bartłomieja groickiego,grębałów
gromady grudziąż,wola duchacka
gromadzka,podgórze
gronostajowa,dębniki
gronowa,dębniki
groszkowa,bronowice
stefana grota-roweckiego,dębniki
artura grottgera,łobzów
grunwaldzka,grzegórzki
grunwaldzkie,dębniki
włodzimierza gruszczyńskiego,swoszowice
gryczana,prądnik biały
jaxy gryfity,zwierzyniec
aleksandra gryglewskiego,wola duchacka
jana grzecha,prokocim-bieżanów
grzegorza z sanoka,grębałów
marii grzegorzewskiej,dębniki
grzegórzecka,grzegórzki
stanisława grzepskiego,swoszowice
grzybki,podgórze
gumniska,podgórze
jana gumowskiego,swoszowice
księdza władysława gurgacza,grzegórzki
jana gutenberga,dębniki
gwarecka,nowa huta
gwarna,wola duchacka
gwieździsta,dębniki
gzymsików,łobzów
adama habeli,prokocim-bieżanów
habina,czyżyny
wojciecha halczyna,bronowice
halicka,stare miasto
halki,zwierzyniec
jana hallera,swoszowice
porucznika halszki,wola duchacka
hamernia,bronowice
handlowe,nowa huta
jerzego harasymowicza,dębniki
harcerska,łagiewniki
harcerzy krakowskich,swoszowice
harnasiów,prądnik czerwony
edwarda heila,wola duchacka
hektary,nowa huta
helclów,stare miasto
heleny,prokocim-bieżanów
heligundy,dębniki
wiktora heltmana,wola duchacka
mariana hemara,bronowice
henryka brodatego,grębałów
zbigniewa herberta,wola duchacka
herbowa,swoszowice
gustawa herlinga - grudzińskiego,podgórze
kazimierza herwina-piątka,prądnik biały
józefa herzoga,zwierzyniec
hetmańska,podgórze
jana heweliusza,podgórze
hiacyntowa,prokocim-bieżanów
hipokratesa,bieńczyce
antoniego hoborskiego,swoszowice
biskupa franciszka hodura,podgórze
klementyny hoffmanowej,łagiewniki
vlastimila hofmana,zwierzyniec
tadeusza hollendra,dębniki
hołdu pruskiego,mistrzejowice
karola homolacsa,swoszowice
alojzego horaka,swoszowice
henryka hoyera,prokocim-bieżanów
hoża,prądnik biały
hubalczyków,swoszowice
huculska,łagiewniki
hufcowa,dębniki
szczepana humberta,stare miasto
aleksandra humboldta,dębniki
husarska,podgórze
hutnicze,nowa huta
michała hutnika,nowa huta
franciszka hynka,czyżyny
franciszka hypty,swoszowice
ludwika idzikowskiego,grzegórzki
igołomska,nowa huta
igrców,łobzów
iłowa,podgórze
imbramowska,prądnik biały
imielna,prokocim-bieżanów
romana ingardena,łobzów
inicjatywy lokalnej,swoszowice
irysowa,łagiewniki
karola irzykowskiego,grębałów
isep,czyżyny
ludwika iwaszki,prądnik czerwony
jarosława iwaszkiewicza,swoszowice
iwonicka,swoszowice
izaaka,stare miasto
jabłonkowska,bronowice
jabłonna,prądnik biały
jabłonowskich,stare miasto
zdzisława jachimeckiego,dębniki
stanisława jachowicza,grzegórzki
jadwigi z łobzowa,bronowice
jadźwingów,mistrzejowice
anny jagiellonki,bieńczyce
jagiellońska,stare miasto
jagiellońskie,bieńczyce
jagiełka,zwierzyniec
jagienki,nowa huta
jaglana,nowa huta
jagodowa,łagiewniki
roberta jahody,dębniki
jakuba,stare miasto
władysława jakubca,prokocim-bieżanów
macieja jakubowskiego,prokocim-bieżanów
jałowcowa,prądnik biały
jana kazimierza,grębałów
jana olbrachta,grębałów
jana pawła ii,czyżyny
janasówka,dębniki
jana xxiii,prokocim-bieżanów
księdza kazimierza jancarza,mistrzejowice
czesława janczarskiego,grębałów
klemensa janickiego,prądnik czerwony
tomasza janiszewskiego,bieńczyce
janosika,prądnik czerwony
janowa wola,podgórze
jana janowskiego,swoszowice
jantarowa,zwierzyniec
jar,swoszowice
stefana jaracza,prądnik biały
marii jaremy,prądnik biały
władysława jarockiego,swoszowice
jarosławska,prokocim-bieżanów
jarzębiny,grębałów
jarzynowa,prądnik biały
jasełkowa,grębałów
jasia i małgosi,grębałów
jasielska,swoszowice
pawła jasienicy,dębniki
feliksa jasieńskiego,prokocim-bieżanów
generała jakuba jasińskiego,prokocim-bieżanów
stanisława jasiukowicza,swoszowice
jaskółcza,zwierzyniec
mikołaja jaskra,grębałów
jaskrowa,grębałów
jasna,prądnik biały
jasnogórska,prądnik biały
jastrzębia,wola duchacka
jaśminowa,prądnik czerwony
jaworowa,dębniki
jaworskiego,grzegórzki
jazowa,prądnik biały
jeleniogórska,łagiewniki
jeleniowa,zwierzyniec
konstantego jelskiego,swoszowice
jemiołowa,dębniki
jemiołuszek,zwierzyniec
jerozolimska,podgórze
erazma jerzmanowskiego,prokocim-bieżanów
jesienna,prokocim-bieżanów
jesionowa,bronowice
jacka jezierskiego,nowa huta
jeziorany,grębałów
jeziorko,nowa huta
jezuitów,prądnik czerwony
jeździecka,swoszowice
jeżów,podgórze
jeżynowa,nowa huta
jęczmienna,prądnik biały
ludwika jędrzejczyka,prokocim-bieżanów
jodłowa,zwierzyniec
jontkowa górka,zwierzyniec
jordanowska,prądnik biały
berka joselewicza,stare miasto
józefa,stare miasto
józefińska,podgórze
józefitów,łobzów
jubileuszowa,grębałów
jugowicka,łagiewniki
junacka,zwierzyniec
jurajska,prądnik biały
juranda ze spychowa,dębniki
jerzego jurowicza,zwierzyniec
justowska,bronowice
jutrzenka,czyżyny
jutrzyńska,nowa huta
kacza,podgórze
jana kaczary,prądnik czerwony
kaczeńcowa,bieńczyce
alojzego kaczmarczyka,prądnik biały
kaczorówka,prądnik biały
księdza zygmunta kaczyńskiego,grębałów
kadecka,łobzów
juliusza kadena-bandrowskiego,wola duchacka
wincentego kadłubka,swoszowice
kadrówki,łobzów
kaimska,prokocim-bieżanów
franciszka kajty,prądnik czerwony
księdza władysława kajzera,swoszowice
kaktusowa,dębniki
macieja kalenkiewicza,prądnik biały
kalinowa,wola duchacka
kalinowe,bieńczyce
św. rafała kalinowskiego,stare miasto
kaliska,swoszowice
filipa kallimacha,prokocim-bieżanów
kalwaryjska,podgórze
kalwińska,grębałów
józefa kałuży,zwierzyniec
mieczysława kamberskiego,grębałów
kamedulska,zwierzyniec
kameliowa,prokocim-bieżanów
kamieniarska,dębniki
kamieniecka,dębniki
kamienna,stare miasto
henryka kamieńskiego,podgórze
kamionka,czyżyny
kanarkowa,wola duchacka
kanonicza,stare miasto
kanonierów,prądnik czerwony
tadeusza kantora,prądnik czerwony
kantorowicka,grębałów
kapelanka,dębniki
mieczysława kaplickiego,podgórze
kapucyńska,stare miasto
księdza wojciecha karabuły,łagiewniki
karasiówka,nowa huta
generała jana karcza,dębniki
mieczysława karłowicza,łobzów
karmelicka,stare miasto
karowa,nowa huta
karpacka,prokocim-bieżanów
franciszka karpińskiego,wola duchacka
jana kasprowicza,grzegórzki
tadeusza kasprzyckiego,zwierzyniec
stanisława kasznicy,prądnik biały
kasztanowa,zwierzyniec
kasztelańska,zwierzyniec
kaszubska,zwierzyniec
katowicka,bronowice
kawiory,łobzów
kawowa,podgórze
kazimierza odnowiciela,prądnik czerwony
kazimierza wielkiego,łobzów
kazimierzowskie,bieńczyce
kącik,podgórze
kąkolowa,nowa huta
kąpielowa,swoszowice
kąt,grzegórzki
kątowa,stare miasto
antoniego kenara,swoszowice
ketlinga,dębniki
kędzierzyńska,łagiewniki
antoniego kępińskiego,swoszowice
kępna,łagiewniki
kępska,nowa huta
kielecka,grzegórzki
romana kiełkowskiego,podgórze
jana kiepury,prokocim-bieżanów
kazimierza kierzkowskiego,swoszowice
kijanki,wola duchacka
kijowska,łobzów
jana kilińskiego,dębniki
wincentego kirchmajera,grębałów
stefana kisielewskiego,grębałów
generała kiwerskiego,prądnik biały
klasztorna,grzegórzki
franciszka kleeberga,mistrzejowice
juliusza kleinera,grębałów
klemensa z ruszczy,grębałów
zenona klemensiewicza,prądnik czerwony
stanisława klimeckiego,podgórze
kliniec,wola duchacka
kliny borkowskie,swoszowice
klonowa,zwierzyniec
sebastiana klonowica,wola duchacka
kluczborska,prądnik biały
jana kluka,swoszowice
jacka kluszewskiego,prokocim-bieżanów
piotra kluzeka,prądnik biały
franciszka kłaka,prokocim-bieżanów
kłodzka,prokocim-bieżanów
kłosowa,nowa huta
stanisława kłosowskiego,czyżyny
kłuszyńska,swoszowice
kmicica,nowa huta
kmieca,łobzów
józefa leopolda kmietowicza,bronowice
kminkowa,podgórze
franciszka kniaźnina,mistrzejowice
kobierzyńska,dębniki
jana kochanowskiego,stare miasto
tadeusza kochmańskiego,dębniki
kocmyrzowska,bieńczyce
kogucia,zwierzyniec
kokosowa,swoszowice
kokotowska,prokocim-bieżanów
kolarzy,dębniki
oskara kolberga,stare miasto
kolejarzy,swoszowice
kolejowa,podgórze
kolejowe,podgórze
koletek,stare miasto
kolędnicza,grębałów
kolista,dębniki
kolna,dębniki
kolonijna,prokocim-bieżanów
kolorowe,nowa huta
stefana kołaczkowskiego,dębniki
kołaczy,prądnik biały
hugona kołłątaja,grzegórzki
koło białuchy,prądnik biały
kołobrzeska,łagiewniki
kołodziejska,łagiewniki
koło strzelnicy,zwierzyniec
kołowa,bronowice
komandosów,dębniki
komasy,grębałów
kombatantów,mistrzejowice
bolesława komorowskiego,zwierzyniec
komuny paryskiej,dębniki
konarowa,zwierzyniec
stanisława konarskiego,łobzów
feliksa konecznego,prądnik biały
konfederacka,dębniki
konopna,prądnik biały
marii konopnickiej,dębniki
konrada wallenroda,prokocim-bieżanów
bolesława kontryma,nowa huta
konwaliowa,podgórze
konwisarzy,łobzów
kopalina,zwierzyniec
kopaniec,nowa huta
izydora kopernickiego,swoszowice
mikołaja kopernika,stare miasto
feliksa kopery,zwierzyniec
koprowa,prokocim-bieżanów
koralowa,prądnik biały
ludmiły korbutowej,zwierzyniec
janusza korczaka,prądnik biały
ludomiła korczyńskiego,swoszowice
augustyna kordeckiego,stare miasto
kordiana,wola duchacka
kazimierza kordylewskiego,grzegórzki
jana korepty,prokocim-bieżanów
wojciecha korfantego,mistrzejowice
kormoranów,podgórze
jerzego korohody,grębałów
korony polskiej,mistrzejowice
michała korpala,dębniki
grzegorza korzeniaka,zwierzyniec
józefa korzeniowskiego,zwierzyniec
kosiarzy,podgórze
kosmonautów,prądnik biały
ireny kosmowskiej,zwierzyniec
kosocicka,prokocim-bieżanów
kosów,grębałów
kazimierza kostaneckiego,prokocim-bieżanów
kostrzecka,dębniki
józefa kostrzewskiego,swoszowice
kosynierów,grzegórzki
koszalińska,łagiewniki
koszarówka,dębniki
koszutki,swoszowice
koszykarska,podgórze
kościelna,łobzów
kościelnicka,nowa huta
tadeusza kościuszki,zwierzyniec
kościuszkowców,łagiewniki
kościuszkowskie,bieńczyce
jana i józefa kotlarczyków,zwierzyniec
kotlarska,grzegórzki
floriana kotowskiego,swoszowice
kotówka,podgórze
aleksandra kotsisa,wola duchacka
kowalska,łagiewniki
franciszka kowalskiego,bronowice
marii kownackiej,grębałów
kozia,podgórze
koziarówka,zwierzyniec
kozienicka,dębniki
jana kozietulskiego,prokocim-bieżanów
koźlarska,podgórze
kajetana koźmiana,swoszowice
ojca eugeniusza krajewskiego,prądnik biały
krajobrazowa,dębniki
kraka,podgórze
krakowiaków,nowa huta
krakowska,stare miasto
krakusa,podgórze
krakusów,bronowice
krańcowa,zwierzyniec
ignacego krasickiego,podgórze
zygmunta krasińskiego,stare miasto
józefa krasnowolskiego,grębałów
krasowa,dębniki
józefa ignacego kraszewskiego,zwierzyniec
krawiecka,wola duchacka
kremerowska,stare miasto
jana kremskiego,czyżyny
kresowa,dębniki
aleksandra krępy,łagiewniki
kręta,prądnik biały
krochmalniki,łagiewniki
krokusowa,dębniki
kronikarza galla,łobzów
krośnieńska,swoszowice
krowoderska,stare miasto
krowoderskich zuchów,prądnik biały
krowodrza górka,prądnik biały
wacława króla,bieńczyce
królewska,łobzów
królowej bony,bieńczyce
królowej jadwigi,zwierzyniec
królowej marysieńki,mistrzejowice
królówka,dębniki
krótka,stare miasto
krucza,zwierzyniec
konstantego krumłowskiego,dębniki
krupnicza,stare miasto
kruszwicka,mistrzejowice
władysława krygowskiego,swoszowice
krymska,dębniki
kryniczna,grzegórzki
krystyna z ostrowa,wola duchacka
kryształowa,łagiewniki
krzemieniecka,swoszowice
krzemionki,podgórze
krzesławicka,prądnik czerwony
krzewowa,dębniki
edmunda krzymuskiego,prokocim-bieżanów
krzywa,stare miasto
krzywda,podgórze
ludwika krzywickiego,zwierzyniec
anieli krzywoń,prądnik czerwony
krzywy zaułek,bronowice
adama krzyżanowskiego,swoszowice
mirosława krzyżańskiego,swoszowice
krzyżówka,zwierzyniec
krzyżtoporska,swoszowice
księcia józefa,zwierzyniec
feliksa księżarskiego,dębniki
księżycowa,swoszowice
marka kublińskiego,nowa huta
księdza mikołaja kuczkowskiego,mistrzejowice
doktora tadeusza kudlińskiego,zwierzyniec
kujawska,łobzów
generała mariana kukiela,prądnik biały
kukiełek golkowickich,swoszowice
płk. ryszarda kuklińskiego,podgórze
kukułcza,zwierzyniec
zofii kulinowskiej,grębałów
henryka kułakowskiego,łagiewniki
stanisława kunickiego,bronowice
kupa,stare miasto
kupały,mistrzejowice
ku raciborowicom,grębałów
ferdynanda kurasia,łagiewniki
jana kurczaba,prokocim-bieżanów
kurkowa,grzegórzki
kurniki,stare miasto
dobiesława kurozwęckiego,bronowice
karola kurpińskiego,prokocim-bieżanów
jerzego kuryłowicza,swoszowice
księdza józefa kurzei,mistrzejowice
księdza jana kusia,prokocim-bieżanów
janusza kusocińskiego,swoszowice
józefa kustronia,swoszowice
kuśnierska,grębałów
generała tadeusza kutrzeby,podgórze
kuźnicy kołłątajowskiej,prądnik biały
kuźnicza,bronowice
kwartowa,prądnik czerwony
kwatery,prokocim-bieżanów
eugeniusza kwiatkowskiego,bronowice
kwiatowa,swoszowice
kwiatów polskich,czyżyny
kwiecista,dębniki
kwietna,łagiewniki
lajkonika,zwierzyniec
lanckorońska,podgórze
lwa landaua,swoszowice
jerzego lande,swoszowice
mariana langiewicza,stare miasto
lasek,łagiewniki
lasek łęgowski,czyżyny
lasek mogilski,nowa huta
laskowa,prokocim-bieżanów
lasogórska,swoszowice
lasowisko,grębałów
lasówka,podgórze
las wolski,zwierzyniec
konstantego laszczki,wola duchacka
laudańska,dębniki
lawendowa,bieńczyce
lazurowa,prądnik biały
juliusza lea,bronowice
lecha,wola duchacka
lechicka,łagiewniki
jana lechonia,prądnik biały
lecznicza,swoszowice
legendy,bronowice
legionów,prokocim-bieżanów
legnicka,prądnik biały
tadeusza lehra-spławińskiego,grębałów
franciszka lei,swoszowice
lekarska,prądnik biały
stanisława lema,grzegórzki
lenartowicza,łobzów
stanisława lentza,prądnik biały
lesisko,nowa huta
lesista,grzegórzki
leszczynowa,zwierzyniec
leszka białego,grębałów
leszka czarnego,grębałów
bolesława leśmiana,zwierzyniec
leśna,zwierzyniec
letnia,prokocim-bieżanów
ppor.pil. janiny lewandowskiej,czyżyny
lewkowa,stare miasto
anny libera,prokocim-bieżanów
libertowska,swoszowice
librowszczyzna,stare miasto
liliowa,prądnik czerwony
lilli wenedy,prokocim-bieżanów
bolesława limanowskiego,podgórze
samuela bogumiła lindego,bronowice
wacława lipińskiego,dębniki
lipowa,podgórze
wojciecha lipowskiego,prokocim-bieżanów
lipska,podgórze
lirników,wola duchacka
liryczna,prądnik czerwony
leopolda lisa-kuli,wola duchacka
lisia,zwierzyniec
liściasta,dębniki
litawora,prądnik biały
litewska,łobzów
lniana,prądnik biały
loretańska,stare miasto
lotnicza,grzegórzki
lubelska,łobzów
lubicz,grzegórzki
lublańska,prądnik czerwony
lubocka,grębałów
aleksandra lubomirskiego,stare miasto
luborzycka,grębałów
lubostroń,dębniki
lubuska,wola duchacka
ludowa,podgórze
ludwika węgierskiego,zwierzyniec
ludwinowska,dębniki
ludwisarzy,łagiewniki
ludźmierska,nowa huta
lusińska,swoszowice
lutego tura,dębniki
księdza mariana luzara,nowa huta
lwowska,podgórze
łabędzia,wola duchacka
ładna,prądnik czerwony
łagiewnicka,podgórze
łamana,wola duchacka
łanowa,podgórze
łany,dębniki
łapanowska,wola duchacka
jana łazarskiego,zwierzyniec
łazowa,grębałów
łazy,prokocim-bieżanów
łącka,grębałów
łąkowa,prądnik czerwony
stanisława łempickiego,grębałów
józefa łepkowskiego,prądnik czerwony
łęczycka,mistrzejowice
łęgowa,czyżyny
łężce,wola duchacka
józefa łobodowskiego,swoszowice
łobzowska,stare miasto
profesora stanisława łojasiewicza,dębniki
elżbiety łokietkówny,bieńczyce
jacka augustyna łopackiego,bieńczyce
łosiówka,dębniki
łowiecka,zwierzyniec
łowienicka,wola duchacka
karola łowińskiego,nowa huta
władysława łozińskiego,grębałów
łódzka,swoszowice
łubinowa,nowa huta
łuczanowicka,grębałów
łuczników,wola duchacka
doktora zygmunta łuczyńskiego,łagiewniki
ignacego łukasiewicza,grzegórzki
waleriana łukasińskiego,łagiewniki
łukowiec,dębniki
majora łupaszki,bronowice
władysława łuszczkiewicza,prądnik czerwony
łutnia,podgórze
łużycka,wola duchacka
łysogórska,swoszowice
bogdana łyszkiewicza,bieńczyce
macedońska,wola duchacka
księdza ferdynanda machaya,bronowice
maciejkowa,prądnik biały
macierzanki,dębniki
józefa mackiewicza,prądnik biały
generała stanisława maczka,bieńczyce
maćka z bogdańca,dębniki
maćkowa góra,zwierzyniec
antoniego józefa madalińskiego,dębniki
madejówka,prokocim-bieżanów
madera,wola duchacka
magazynowa,prokocim-bieżanów
magnolii,dębniki
księdza franciszka maja,swoszowice
jakuba majora,prądnik czerwony
majowa,prądnik czerwony
jadwigi majówny,zwierzyniec
jana maklakiewicza,swoszowice
makowa,wola duchacka
tadeusza makowskiego,prądnik biały
kornela makuszyńskiego,bieńczyce
malachitowa,prokocim-bieżanów
artura malawskiego,prądnik czerwony
malborska,podgórze
jacka malczewskiego,zwierzyniec
malinowa,prądnik biały
bronisława malinowskiego,swoszowice
malownicza,zwierzyniec
malutka,łagiewniki
malwowa,łagiewniki
mała,stare miasto
mała góra,prokocim-bieżanów
mieczysława małeckiego,zwierzyniec
małego księcia,bieńczyce
zbigniewa małka,prokocim-bieżanów
andrzeja małkowskiego,prokocim-bieżanów
mały płaszów,podgórze
mały rynek,stare miasto
marchołta,prądnik czerwony
józefa marcika,łagiewniki
marcowa,wola duchacka
adama marczyńskiego,prądnik biały
margaretek,prądnik biały
marglowa,grębałów
mariana markowskiego,czyżyny
martenowska,nowa huta
heleny marusarzówny,swoszowice
szymona marycjusza,mistrzejowice
franciszka maryewskiego,podgórze
marynarska,zwierzyniec
marzanny,prokocim-bieżanów
masarska,grzegórzki
antoniego matecznego,podgórze
księdza stefana mazanka,mistrzejowice
mazowiecka,łobzów
mazurska,podgórze
mączna,prądnik biały
księdza władysława mączyńskiego,swoszowice
medalionów,dębniki
mieczysława medweckiego,czyżyny
medyczna,prokocim-bieżanów
józefa mehoffera,prądnik biały
księdza józefa meiera,prądnik biały
meiselsa,stare miasto
janusza meissnera,prądnik czerwony
merkuriusza polskiego,swoszowice
metalowców,grzegórzki
miarowa,swoszowice
andrzeja michalika,swoszowice
piotra michałowskiego,stare miasto
tadeusza micińskiego,łagiewniki
adama mickiewicza,stare miasto
macieja miechowity,prądnik czerwony
miechowska,łobzów
mieczników,wola duchacka
mieczykowa,swoszowice
miedziana,grzegórzki
miejscowa,swoszowice
mierniczych,grębałów
ludwika mierosławskiego,podgórze
mierzeja wiślana,podgórze
stanisława mierzwy,nowa huta
mieszczańska,dębniki
mieszka i,prądnik czerwony
miętowa,prądnik biały
migdałowa,zwierzyniec
stanisława mikołajczyka,bieńczyce
mikołajska,stare miasto
harcmistrza stanisława millana,łagiewniki
miła,łagiewniki
zygmunta miłkowskiego,dębniki
czesława miłosza,łobzów
jana miodońskiego,swoszowice
miodowa,stare miasto
mirowska,zwierzyniec
mirtowa,swoszowice
leona misiołka,grzegórzki
misjonarska,łobzów
mistrzejowice,mistrzejowice
mistrzejowicka,mistrzejowice
miśnieńska,mistrzejowice
stanisława mitery,podgórze
władysława mitkowskiego,dębniki
mlaskotów,zwierzyniec
młodej polski,bronowice
młodości,nowa huta
młodzieży,prokocim-bieżanów
młotków,nowa huta
zygmunta młynarskiego,bronowice
młynowa,łagiewniki
młynówka królewska,bronowice
młyńska,prądnik czerwony
młyńska boczna,prądnik czerwony
maurycego mochnackiego,wola duchacka
mochnaniec,dębniki
moczydło,swoszowice
modra,łagiewniki
heleny modrzejewskiej,prądnik biały
modrzewiowa,zwierzyniec
mogilska,grzegórzki
mogiłki,prokocim-bieżanów
mokra,wola duchacka
generała bernarda monda,mistrzejowice
stanisława moniuszki,grzegórzki
monte cassino,dębniki
montelupich,stare miasto
monterska,wola duchacka
józefa montwiłła-mireckiego,łagiewniki
macieja moraczewskiego,dębniki
morawiańskiego,prokocim-bieżanów
kazimierza morawskiego,stare miasto
gustawa morcinka,grębałów
morelowa,zwierzyniec
morgi,nowa huta
józefa morozewicza,wola duchacka
morsztynowska,stare miasto
hanny mortkowicz-olczakowej,grębałów
morwowa,grębałów
jana mosdorfa,mistrzejowice
mosiężnicza,grzegórzki
mostowa,stare miasto
kazimierza moszyńskiego,swoszowice
ignacego mościckiego,nowa huta
tadeusza motarskiego,łagiewniki
motyla,podgórze
mrozowa,nowa huta
mrówczana,zwierzyniec
henryka m¨ uncha,zwierzyniec
murarska,prądnik biały
murowana,stare miasto
jana muszyńskiego,swoszowice
ludwika muzyczki,zwierzyniec
muzyków,prokocim-bieżanów
andrzeja mycielskiego,grębałów
profesora stefana myczkowskiego,bronowice
mydlarska,podgórze
mydlnicka,łobzów
zygmunta mysłakowskiego,bronowice
myślenicka,łagiewniki
myśliwska,podgórze
na barciach,prądnik czerwony
ludwika nabielaka,prądnik czerwony
na błoniach,zwierzyniec
na błonie,bronowice
na borach,zwierzyniec
na budzyniu,prądnik biały
na chałupkach,prądnik biały
naczelna,prądnik czerwony
nad baranówką,grębałów
nadbrzezie,nowa huta
nadbrzeżna,grzegórzki
nad czerną,dębniki
nad dłubnią,bieńczyce
nad drwiną,prokocim-bieżanów
nad fosą,swoszowice
na dołach,podgórze
nad potokiem,prokocim-bieżanów
nadrzeczna,prądnik czerwony
nad serafą,prokocim-bieżanów
nad strugą,prądnik czerwony
nad sudołem,prądnik biały
nad wilgą,swoszowice
nadwiślańska,podgórze
nadwodna,nowa huta
nad zalewem,bronowice
nadzieja,wola duchacka
nad źródłem,zwierzyniec
nagłowicka,mistrzejowice
na górkach,zwierzyniec
na grabinach,zwierzyniec
na gródku,stare miasto
na grządkach,łagiewniki
na jazkach,prokocim-bieżanów
na klińcu,dębniki
na kozłówce,prokocim-bieżanów
na leszczu,dębniki
na lotnisku,bieńczyce
na łąkach,czyżyny
nałęczowska,swoszowice
wacława nałkowskiego,prądnik biały
zofii nałkowskiej,dębniki
na łuku,wola duchacka
na mostkach,prądnik biały
na niwach,nowa huta
na nowinach,bronowice
na obrydki,swoszowice
na pokusie,swoszowice
na polach,prądnik biały
na polankach,zwierzyniec
narciarska,czyżyny
narcyzowa,bronowice
gabriela narutowicza,prądnik biały
narvik,swoszowice
józefa narzymskiego,grzegórzki
na skarpie,nowa huta
na stoku,grębałów
nastrojowa,czyżyny
nasza,zwierzyniec
na szaniec,grzegórzki
władysława natansona,prądnik biały
na ustroniu,dębniki
na wiankach,grzegórzki
na wierzchowinach,zwierzyniec
nawigacyjna,prądnik biały
na wirach,zwierzyniec
nawojki,łobzów
nawojowska,prądnik biały
na wrzosach,prokocim-bieżanów
na wyrębę,prądnik biały
na wzgórzach,grębałów
na zakolu wisły,podgórze
na załęczu,czyżyny
nazaretańska,wola duchacka
na zboczu,mistrzejowice
na zielonki,prądnik biały
na zjeździe,podgórze
na zrębie,łagiewniki
nefrytowa,prokocim-bieżanów
marcelego nenckiego,nowa huta
julii nenko,swoszowice
edmunda neussera,swoszowice
niebieska,swoszowice
niebyła,grębałów
niecała,łagiewniki
nieduża,prądnik czerwony
mieczysława niedziałkowskiego,bronowice
niedzicka,prokocim-bieżanów
niedźwiedziny,swoszowice
juliana ursyna niemcewicza,łagiewniki
czesława niemena,zwierzyniec
niepodległości,bieńczyce
niepokalanej marii panny,nowa huta
franciszka niepokólczyckiego,wola duchacka
niepołomska,czyżyny
nierówna,dębniki
nieszawska,mistrzejowice
nietoperzy,zwierzyniec
niewielka,grębałów
henryka niewodniczańskiego,swoszowice
niezapominajek,zwierzyniec
nieznana,prądnik czerwony
nikifora,prądnik czerwony
niska,prądnik biały
kazimierza nitscha,zwierzyniec
niwy,podgórze
nizinna,grzegórzki
normandzka,dębniki
cypriana kamila norwida,grzegórzki
norymberska,dębniki
nowa,stare miasto
adolfa nowaczyńskiego,dębniki
nowa górka,prądnik biały
jana nowaka,prokocim-bieżanów
maksymiliana nowickiego,swoszowice
bartłomieja nowodworskiego,swoszowice
nowogródzka,łagiewniki
nowolipki,bieńczyce
nowosądecka,prokocim-bieżanów
nowotarska,łagiewniki
nowowiejska,łobzów
pułkownika francesco nullo,grzegórzki
majora ryszarda nuszkiewicza,prądnik czerwony
obopólna,łobzów
obozowa,dębniki
oboźna,łobzów
obronna,prokocim-bieżanów
obrony tyńca,dębniki
obrońców helu,dębniki
obrońców krzyża,bieńczyce
obrońców modlina,podgórze
obrońców tobruku,dębniki
obrońców warszawy,mistrzejowice
obwodowa,grębałów
tadeusza ochlewskiego,bronowice
ochocza,prokocim-bieżanów
odlewnicza,bronowice
odmętowa,nowa huta
odmogile,bieńczyce
iwona odrowąża,łobzów
odrzańska,łagiewniki
sławomira odrzywolskiego,dębniki
antoniego odyńca,zwierzyniec
ofiar dąbia,grzegórzki
ofiar katynia,prądnik biały
ogłęczyzna,czyżyny
ognistych wici,mistrzejowice
ogórkowa,prokocim-bieżanów
ogrodnicza,prądnik czerwony
ogrodniczek,łobzów
ogrodniki,łagiewniki
ogrodowa,stare miasto
ogrodowe,nowa huta
ojcowska,prądnik biały
okocimska,prokocim-bieżanów
stanisława okonia,dębniki
okopowa,łagiewniki
okólna,prokocim-bieżanów
okrąg,zwierzyniec
okręglik,prokocim-bieżanów
okrężna,prądnik biały
stefana okrzei,łagiewniki
generała leopolda okulickiego,grzegórzki
okulistów,prądnik biały
olchowa,zwierzyniec
oleandry,łobzów
olimpijska,łobzów
olkuska,bronowice
olszanicka,zwierzyniec
olszańska,grzegórzki
olszecka,prądnik czerwony
karola olszewskiego,stare miasto
olsztyńska,prądnik czerwony
olszyny,grzegórzki
generała józefa olszyny-wilczyńskiego,prądnik biały
ondraszka,wola duchacka
łukasza opalińskiego,swoszowice
opalowa,prokocim-bieżanów
opatkowicka,swoszowice
zdzisława opiala,swoszowice
opolska,prądnik biały
opty,prokocim-bieżanów
oraczy,łagiewniki
orawska,podgórze
organki,grębałów
władysława orkana,nowa huta
orla,zwierzyniec
orląt lwowskich,grzegórzki
orleańska,dębniki
orlich gniazd,prądnik biały
orła białego,mistrzejowice
aleksandra orłowskiego,grębałów
orna,bronowice
orszańska,swoszowice
harcmistrza stanisława orszy-broniewskiego,dębniki
orzechowa,łagiewniki
elizy orzeszkowej,stare miasto
ludwika osieckiego,grębałów
osiedle,czyżyny
osiedlowa,nowa huta
osikowa,podgórze
michała ossowskiego,wola duchacka
józefa ostafina,nowa huta
ostatnia,prądnik czerwony
juliusza osterwy,swoszowice
jana ostroroga,prądnik czerwony
ostrów,nowa huta
ostrówka,nowa huta
wincentego oszustowskiego,zwierzyniec
oświecenia,mistrzejowice
oświęcimska,zwierzyniec
stefana otwinowskiego,grzegórzki
doktora mieczysława owcy-orwicza,zwierzyniec
owocowa,swoszowice
owsiana,prądnik biały
piotra ożańskiego,nowa huta
henryka pachońskiego,prądnik biały
ignacego paderewskiego,stare miasto
biskupa filipa padniewskiego,nowa huta
pagórkowa,wola duchacka
antoniego pajdaka,swoszowice
pajęcza,zwierzyniec
jana palacha,prądnik biały
palmowa,bronowice
pamiętna,bronowice
pana tadeusza,podgórze
panieńskich skał,zwierzyniec
józefa pankiewicza,grębałów
panoramiczna,zwierzyniec
pańska,wola duchacka
papiernicza,prądnik biały
paproci,podgórze
parafialna,swoszowice
parkowa,podgórze
teodora parnickiego,mistrzejowice
partyzantów,prądnik czerwony
pasieczna,łagiewniki
jana chryzostoma paska,dębniki
pastelowa,dębniki
pasternik,bronowice
pasterska,grębałów
ludwika pasteura,prądnik biały
generała franciszka paszkowskiego,prądnik biały
heleny i leona patynów,dębniki
paulińska,stare miasto
pawia,stare miasto
księdza stefana pawlickiego,dębniki
pawlikowskiego,stare miasto
pawła z krosna,dębniki
bogumiła pawłowskiego,swoszowice
tadeusza peipera,bronowice
pejzażowa,prądnik biały
generała tadeusza pełczyńskiego,prądnik biały
perkuna,mistrzejowice
perłowa,swoszowice
sandora pet¨ ofiego,grębałów
pędzichów,stare miasto
pękowicka,prądnik biały
franciszka pększyca-grudzińskiego,zwierzyniec
sergiusza piaseckiego,łagiewniki
piaskowa,prądnik biały
piasta kołodzieja,mistrzejowice
piastowska,łobzów
piastów,mistrzejowice
piaszczysta,prądnik biały
piekarska,stare miasto
pielęgniarek,prądnik biały
pienińska,łagiewniki
bronisława pierackiego,wola duchacka
pierzchówka,łagiewniki
jana pietrusińskiego,dębniki
piękna,prądnik czerwony
stanisława pigonia,prądnik biały
pijarska,stare miasto
rotmistrza witolda pileckiego,bronowice
pilotów,prądnik czerwony
doktora jana piltza,dębniki
piłkarska,swoszowice
marszałka józefa piłsudskiego,stare miasto
hieronima pinocci,swoszowice
pińczowska,mistrzejowice
piotrusia pana,grębałów
piwna,podgórze
jana piwnika ”ponurego”,bronowice
planty,stare miasto
plastusia,nowa huta
emilii plater,łobzów
plażowa,nowa huta
pleszowska,prądnik biały
kazimierza pluty-czachowskiego,nowa huta
płaska,grębałów
płaszowska,podgórze
płomyczka,grębałów
płoszczyny,nowa huta
kazimierza pochwalskiego,prokocim-bieżanów
pochyła,wola duchacka
pocieszka,prądnik czerwony
pocztowa,łagiewniki
podbagnie,nowa huta
podbiałowa,nowa huta
longina podbipięty,czyżyny
podbrzezie,stare miasto
podchorążych,łobzów
pod dębami,dębniki
podedworze,wola duchacka
pod fortem,prądnik biały
pod gajem,grębałów
podgórki,swoszowice
podgórki tynieckie,dębniki
podgórska,stare miasto
pod gwiazdami,podgórze
podgwiezdna,wola duchacka
podhalańska,łagiewniki
podhalnie,swoszowice
pod janem,zwierzyniec
podkamyk,zwierzyniec
pod kopcem,podgórze
władysława podkowińskiego,prądnik biały
podlesie,wola duchacka
podleska,czyżyny
podłącze,zwierzyniec
podłęska,prokocim-bieżanów
podłużna,zwierzyniec
podmiejska,prądnik czerwony
podmiłów,prokocim-bieżanów
podmokła,łagiewniki
podole,dębniki
pod pomnikiem,prokocim-bieżanów
podrzecze,bieńczyce
pod sikornikiem,zwierzyniec
podskale,podgórze
pod skałą,zwierzyniec
pod sowińcem,zwierzyniec
podstawie,nowa huta
pod stokiem,zwierzyniec
pod strugą,dębniki
pod strzechą,bronowice
pod sulnikiem,zwierzyniec
pod szańcami,zwierzyniec
pod szwedem,zwierzyniec
podwale,stare miasto
podwawelskie,dębniki
pod wierzbami,podgórze
podwórkowa,wola duchacka
podzamcze,stare miasto
pogodna,prądnik czerwony
pokoju,czyżyny
gustawa pokrzywki,bieńczyce
filipa pokutyńskiego,dębniki
wincentego pola,grzegórzki
polarna,dębniki
poleska,czyżyny
polna,prądnik biały
polnych kwiatów,zwierzyniec
polonijna,prokocim-bieżanów
polsad,prądnik czerwony
tadeusza połomskiego,łagiewniki
pomorska,łobzów
pomykany,grębałów
poniedziałkowy dół,zwierzyniec
karola popiela,bronowice
popielidów,mistrzejowice
popielnik,nowa huta
księdza jerzego popiełuszki,prokocim-bieżanów
wacława popławskiego,prokocim-bieżanów
poprzeczna,wola duchacka
janiny porazińskiej,grębałów
poręba,zwierzyniec
porfirowa,dębniki
poronińska,swoszowice
portowa,podgórze
port solny,podgórze
porzecze,zwierzyniec
porzeczkowa,prądnik biały
poselska,stare miasto
andrzeja potebni,podgórze
stanisława kostki potockiego,prądnik biały
potoczek,prądnik biały
potrzask,prokocim-bieżanów
jerzego potrzebowskiego,prokocim-bieżanów
władysława poturalskiego,wola duchacka
powały z taczewa,wola duchacka
powiatowa,nowa huta
powiśle,stare miasto
powojowa,nowa huta
powroźnicza,dębniki
powstania listopadowego,zwierzyniec
powstania styczniowego,zwierzyniec
powstańców,prądnik czerwony
powstańców śląskich,podgórze
poziomkowa,prądnik biały
poznańska,łobzów
półkole,grzegórzki
półłanki,podgórze
północna,prądnik biały
biskupa jana prandoty,stare miasto
praska,dębniki
romana prawocheńskiego,nowa huta
adama prażmowskiego,dębniki
prądnicka,łobzów
generała ignacego prądzyńskiego,prądnik czerwony
elvisa presleya,dębniki
prochowa,grzegórzki
prokocimska,podgórze
promienistych,prądnik czerwony
promienna,prokocim-bieżanów
promowa,dębniki
stanisława pronia,prokocim-bieżanów
prosta,prokocim-bieżanów
proszowicka,prądnik biały
adama próchnika,mistrzejowice
bolesława prusa,zwierzyniec
pruska,grębałów
ksawerego pruszyńskiego,prokocim-bieżanów
tomasza prylińskiego,dębniki
aleksandra prystora,bronowice
zdzisława przebindowskiego,grębałów
przebiśniegów,prokocim-bieżanów
przecinek,prokocim-bieżanów
przedwiośnie,podgórze
przegon,zwierzyniec
przegorzalska,zwierzyniec
przekątna,wola duchacka
przełazek,prokocim-bieżanów
przełęcz,podgórze
przełom,dębniki
przemiarki,dębniki
przemyska,stare miasto
przemysława ii,grębałów
przemysłowa,podgórze
przepiórcza,zwierzyniec
przeskok,łobzów
przesmyk,bronowice
przewiewna,wola duchacka
przewóz,podgórze
przy arce,bieńczyce
juliana przybosia,grębałów
stanisława przybyszewskiego,bronowice
przy cegielni,podgórze
przyjaźni,nowa huta
przyjemna,bronowice
przykopy,łagiewniki
przy kuźni,wola duchacka
przylasek,nowa huta
przylaszczki,prokocim-bieżanów
przymiarki,grębałów
przy młynówce,bronowice
przy moście,podgórze
przyrodnicza,swoszowice
przy rondzie,grzegórzki
przyszłości,zwierzyniec
przy torze,łagiewniki
jana kantego przyzby,dębniki
pszczelna,dębniki
pszenna,wola duchacka
mieczysława pszona,prądnik czerwony
franciszka ptaka,bieńczyce
ptasia,prądnik czerwony
tadeusza ptaszyckiego,nowa huta
włodzimierza puchalskiego,zwierzyniec
kazimierza pułaskiego,dębniki
pustelnia,dębniki
pustelnika,zwierzyniec
pustynna,swoszowice
puszczyków,zwierzyniec
puszkarska,wola duchacka
kazimierza pużaka,prądnik biały
pychowicka,dębniki
stanisława pyjasa,łobzów
pylna,zwierzyniec
pysocice,nowa huta
pysońce,nowa huta
władysława pytlasińskiego,swoszowice
rabczańska,swoszowice
rabsztyńska,swoszowice
raciborska,dębniki
raciborskiego,prądnik czerwony
racławicka,łobzów
władysława raczkiewicza,zwierzyniec
radłowa,dębniki
zygmunta radnickiego,swoszowice
radomska,prądnik czerwony
radosna,podgórze
feliksa radwańskiego,łobzów
walerego eliasza radzikowskiego,prądnik biały
radziwiłłowska,stare miasto
barbary radziwiłłówny,bieńczyce
rajska,stare miasto
rakowicka,stare miasto
rakuś,prokocim-bieżanów
ratajska,łagiewniki
cyryla ratajskiego,swoszowice
generała ludomiła rayskiego,czyżyny
rączna,podgórze
rdzawa,swoszowice
redemptorystów,podgórze
reduta,prądnik czerwony
reformacka,stare miasto
mikołaja reja,prądnik biały
tadeusza rejtana,podgórze
retoryka,stare miasto
henryka reymana,łobzów
władysława reymonta,łobzów
rezedowa,prądnik czerwony
rędzina,zwierzyniec
rękawka,podgórze
wilhelma i jana ripperów,prokocim-bieżanów
jana zygmunta robla,zwierzyniec
robotnicza,podgórze
rodakowskiego,bronowice
rodzinna,dębniki
rodziny jędów,wola duchacka
tadeusza rogalskiego,zwierzyniec
rogatka,stare miasto
stefana rogozińskiego,grzegórzki
generała bolesława roi,wola duchacka
rokitniańska,prądnik czerwony
stanisława rokosza,prądnik biały
karola rollego,podgórze
rolna,dębniki
rolnicza,łobzów
tadeusza romanowicza,podgórze
eugeniusza romera,zwierzyniec
rosista,dębniki
józefa rostafińskiego,łobzów
stanisława rostworowskiego,dębniki
henryka rowida,grębałów
rozdroże,dębniki
rozmarynowa,prądnik czerwony
rozrywka,prądnik czerwony
władysława rożena-jaksy,podgórze
równa,nowa huta
róż,nowa huta
różana,dębniki
ludomira różyckiego,prądnik biały
ruciana,podgórze
rudni,nowa huta
rumiankowa,nowa huta
rusałek,grzegórzki
rusiecka,nowa huta
rusznikarska,prądnik biały
rusznikarska - deptak,prądnik biały
maksymiliana rutkowskiego,swoszowice
rybaki,stare miasto
rybałtowska,prądnik biały
rybianka,prądnik czerwony
rybitwy,podgórze
rybna,zwierzyniec
rycerska,grębałów
lucjana rydla,prądnik biały
rydlówka,podgórze
ludwika rydygiera,prokocim-bieżanów
marszałka edwarda rydza-śmigłego,nowa huta
teodora rygiera,prokocim-bieżanów
maksyma rylskiego,podgórze
rymanowska,swoszowice
rymarska,grzegórzki
rynek dębnicki,dębniki
rynek fałęcki,łagiewniki
rynek główny,stare miasto
rynek kleparski,stare miasto
rynek podgórski,podgórze
adama rysiewicza,prądnik biały
rysi stok,zwierzyniec
rytownicza,swoszowice
józefa rzebika,podgórze
rzeczna,łobzów
rzemieślnicza,podgórze
rzepakowa,nowa huta
rzepichy,zwierzyniec
rzeszowska,stare miasto
rzeźnicza,grzegórzki
rżącka,prokocim-bieżanów
jana sabały,prądnik czerwony
andrieja sacharowa,podgórze
sadka,wola duchacka
sadowa,prądnik czerwony
sadzawki,prądnik czerwony
sajakówka,grębałów
salezjańska,dębniki
salwatorska,zwierzyniec
opata salwińskiego,nowa huta
samorządowa,bieńczyce
stanisława samostrzelnika,nowa huta
magdaleny samozwaniec,grębałów
sanatoryjna,swoszowice
sandomierska,dębniki
sanocka,wola duchacka
franciszka sapalskiego,dębniki
saperów,prądnik czerwony
józefa sarego,stare miasto
sarmacka,podgórze
sarnie uroczysko,zwierzyniec
sasanek,nowa huta
saska,podgórze
jana sas-zubrzyckiego,wola duchacka
jana sawickiego,zwierzyniec
józefa i floriana sawiczewskich,swoszowice
józefa sawy-calińskiego,nowa huta
sądowa,grzegórzki
sąsiedzka,dębniki
bronisława sch¨ onborna,swoszowice
brunona schulza,prokocim-bieżanów
alberta schweitzera,prokocim-bieżanów
emilii sczanieckiej,swoszowice
zbigniewa seiferta,nowa huta
semperitowców,grzegórzki
stefanii sempołowskiej,wola duchacka
senacka,stare miasto
senatorska,zwierzyniec
seniorów lotnictwa,prądnik czerwony
serbska,wola duchacka
ignacego sewera-maciejowskiego,bronowice
profesora tadeusza seweryna,prokocim-bieżanów
sępia,zwierzyniec
siarczana,swoszowice
siarczanogórska,swoszowice
siarczki,swoszowice
sidzińska,dębniki
michała siedleckiego,grzegórzki
błogosławionej franciszki siedliskiej,wola duchacka
siejówka,nowa huta
sielska,łagiewniki
księdza kazimierza siemaszki,łobzów
kazimierza siemienowicza,podgórze
lucjana siemieńskiego,łobzów
henryka siemiradzkiego,stare miasto
siemomysła,wola duchacka
henryka sienkiewicza,łobzów
sienna,stare miasto
wacława sieroszewskiego,nowa huta
sierpowa,czyżyny
siewna,prądnik biały
sikorki,czyżyny
siostry faustyny,łagiewniki
siostrzana,podgórze
sitowiny,nowa huta
siwka,czyżyny
skalica,dębniki
skalna,zwierzyniec
skałeczna,stare miasto
stanisława skarbińskiego,łobzów
skarbowa,stare miasto
księdza piotra skargi,zwierzyniec
stanisława skarżyńskiego,czyżyny
skawińska,stare miasto
zbigniewa skąpskiego,dębniki
skibowa,zwierzyniec
składowa,łobzów
marii skłodowskiej-curie,stare miasto
władysława skoczylasa,grębałów
skołczanka,dębniki
księdza ignacego jana skorupki,grzegórzki
skośna,dębniki
skotnica,prądnik biały
skotnicka,dębniki
skowronia,wola duchacka
skrajna,prądnik biały
skręcona,czyżyny
skromna,podgórze
skrzatów,grzegórzki
skrzetuskiego,swoszowice
generała jana skrzyneckiego,podgórze
skwerowa,dębniki
majora mieczysława słabego,dębniki
walerego sławka,wola duchacka
sławkowska,stare miasto
macieja słomczyńskiego,prądnik biały
słomiana,dębniki
słomnicka,łobzów
słona woda,wola duchacka
mariana słoneckiego,prądnik czerwony
słoneczne,nowa huta
słonecznikowa,zwierzyniec
gabriela słońskiego,dębniki
słotna,prądnik biały
juliusza słowackiego,stare miasto
słowiańska,stare miasto
słowicza,prądnik biały
słupska,łagiewniki
smętna,prądnik biały
smocza,stare miasto
smolarzy,prokocim-bieżanów
jana smolenia,prokocim-bieżanów
smoleńsk,stare miasto
jerzego smoleńskiego,swoszowice
smolki,podgórze
smolna,prokocim-bieżanów
mariana smoluchowskiego,łobzów
snozy,wola duchacka
snycerska,prokocim-bieżanów
tadeusza sobesto,prokocim-bieżanów
jana sobieskiego,stare miasto
soboniowicka,wola duchacka
sobótka,łagiewniki
sochy,czyżyny
soczyny,grębałów
sodowa,dębniki
sokola,zwierzyniec
sokolska,podgórze
andrzeja sokołowskiego,prądnik czerwony
solarzy,prokocim-bieżanów
solidarności,grębałów
solna,podgórze
ludwika solskiego,prądnik biały
ernesta solvaya,łagiewniki
generała romana sołtyka,grzegórzki
sołtysa dytmara,bronowice
sołtysowska,czyżyny
soroki,dębniki
generała stanisława sosabowskiego,prądnik biały
generała kazimierza sosnkowskiego,mistrzejowice
sosnowa,zwierzyniec
sosnowiecka,prądnik biały
sowia,łagiewniki
generała józefa sowińskiego,grzegórzki
spacerowa,dębniki
spadochroniarzy,prądnik czerwony
władysława spasowskiego,stare miasto
profesora teodora spiczakowa,bronowice
spiska,podgórze
spiżowa,łobzów
spławy,grębałów
spokojna,łobzów
sporna,wola duchacka
sportowa,wola duchacka
sportowe,nowa huta
spółdzielców,prokocim-bieżanów
spółdzielcze,nowa huta
pułkownika józefa spychalskiego,dębniki
spytka z melsztyna,bieńczyce
srebrne uroczysko,dębniki
srebrnych orłów,mistrzejowice
konrada srzednickiego,swoszowice
piotra stachiewicza,prądnik biały
michała stachowicza,zwierzyniec
stacyjna,prokocim-bieżanów
stadionowa,bieńczyce
leopolda staffa,łobzów
stalowa,nowa huta
stalowe,nowa huta
jana stanisławskiego,prądnik biały
stańczyka,bronowice
tadeusza starca,łagiewniki
starego dębu,prądnik biały
starego wiarusa,prądnik biały
stare wiślisko,nowa huta
staromostowa,podgórze
starowiejska,swoszowice
starowiślna,stare miasto
starowolska,zwierzyniec
startowa,prądnik czerwony
stary gościniec,grębałów
stefana starzyńskiego,dębniki
adama staszczyka,bronowice
stanisława staszica,stare miasto
wojciecha stattlera,prokocim-bieżanów
porucznika antoniego stawarza,podgórze
stawisko,swoszowice
stawowa,prądnik biały
stefana batorego,stare miasto
franciszka stefczyka,grębałów
izydora stella-sawickiego,czyżyny
stelmachów,prądnik biały
stepowa,swoszowice
stępice,dębniki
józefa stępnia,prokocim-bieżanów
stoczniowców,podgórze
stoigniewa,podgórze
stanisława stojałowskiego,wola duchacka
stokowa,grębałów
stokrotek,grzegórzki
stolarska,stare miasto
stefana stolarza,prokocim-bieżanów
andrzeja stopki,nowa huta
storczykowa,łagiewniki
księdza ignacego stoszki,podgórze
stradomska,stare miasto
straszewskiego,stare miasto
strażacka,podgórze
strąkowa,łagiewniki
stręcka,czyżyny
stroma,podgórze
stróża rybna,podgórze
jana stróżeckiego,bronowice
andrzeja struga,nowa huta
strumienna,łagiewniki
strumyk,czyżyny
józefa strusia,bieńczyce
strycharska,podgórze
tadeusza stryjeńskiego,prokocim-bieżanów
zofii stryjeńskiej,zwierzyniec
strzelców,prądnik czerwony
strzelecka,grzegórzki
strzelnica,zwierzyniec
studencka,stare miasto
studzianki,dębniki
studzienna,grębałów
wita stwosza,stare miasto
styczna,grębałów
jana styki,prądnik biały
sucha,łagiewniki
henryka sucharskiego,prokocim-bieżanów
suche łąki,prądnik biały
suchy jar,nowa huta
sudecka,podgórze
sudolska,prądnik czerwony
sukiennicza,stare miasto
sulisława,grębałów
generała józefa sułkowskiego,wola duchacka
janusza supniewskiego,grzegórzki
jana surzyckiego,podgórze
swarożyca,mistrzejowice
swoboda,dębniki
swojska,prądnik czerwony
swoszowicka,podgórze
sybiraków,grębałów
marka sycha,bieńczyce
symfoniczna,łobzów
syrachowska,nowa huta
syreny,prądnik biały
szymona syreńskiego,swoszowice
władysława syrokomli,zwierzyniec
jerzego szablowskiego,bronowice
profesora władysława szafera,grzegórzki
szafirowa,prądnik biały
szaflarska,podgórze
tadeusza szafrana,podgórze
szafrańska,czyżyny
jerzego szajnowicza-iwanowa,bieńczyce
klemensa junoszy szaniawskiego,łagiewniki
szara,prokocim-bieżanów
szarotki,prądnik biały
jacka szarskiego,swoszowice
szarych szeregów,wola duchacka
szaserów,zwierzyniec
jana szastera,prokocim-bieżanów
szczawnicka,swoszowice
szczecińska,podgórze
szczegów,swoszowice
porucznika szczeklika,bieńczyce
szczepańska,stare miasto
karola szczerbińskiego,łagiewniki
szczęśliwa,wola duchacka
stanisława szczygielskiego,dębniki
szczygla,podgórze
lucjana szenwalda,prądnik czerwony
szeroka,stare miasto
szerokie łąki,dębniki
szewska,stare miasto
szklana,prądnik czerwony
szklane domy,nowa huta
szklarska,podgórze
szkolna,wola duchacka
szkolne,nowa huta
szkółkowa,prądnik czerwony
feliksa szlachtowskiego,bronowice
szlak,stare miasto
szlifierska,nowa huta
szmaragdowa,swoszowice
szopkarzy,prądnik biały
szpakowa,wola duchacka
szparagowa,podgórze
szpitalna,stare miasto
jana izydora sztaudyngera,swoszowice
józefa szujskiego,stare miasto
aleksandra szukiewicza,wola duchacka
janka szumca,swoszowice
szuwarowa,dębniki
jana szwai,dębniki
anny szwed-śniadowskiej,swoszowice
szwedzka,dębniki
szwoleżerów,prądnik czerwony
szybisko,swoszowice
szybka,bieńczyce
antoniego szyllinga,swoszowice
karola szymanowskiego,łobzów
edwarda szymańskiego,nowa huta
dezyderego szymkiewicza,prokocim-bieżanów
szymona szymonowica,dębniki
adolfa szyszko-bohusza,zwierzyniec
księdza piotra ściegiennego,prokocim-bieżanów
profesora jana ślaskiego,dębniki
śląska,łobzów
śliczna,prądnik czerwony
śliska,podgórze
tadeusza śliwiaka,podgórze
śliwkowa,czyżyny
leopolda śliwy,prokocim-bieżanów
leona ślósarczyka,prokocim-bieżanów
ślusarska,podgórze
śmiała,prądnik biały
jana i jędrzeja śniadeckich,grzegórzki
śnieżna,prokocim-bieżanów
środkowa,prądnik czerwony
światowida,łagiewniki
świdnicka,mistrzejowice
henryka świdzińskiego,prokocim-bieżanów
świebodzicka,łagiewniki
świerkowa,zwierzyniec
świeża,prokocim-bieżanów
świętego andrzeja boboli,prądnik czerwony
świętego benedykta,podgórze
świętego filipa,stare miasto
świętego idziego,stare miasto
świętego jacka,dębniki
świętego jana,stare miasto
świętego krzyża,stare miasto
świętego łazarza,grzegórzki
świętego marka,stare miasto
świętego piotra,dębniki
świętego sebastiana,stare miasto
świętego stanisława,stare miasto
świętego tomasza,stare miasto
świętego wawrzyńca,stare miasto
świętego wincentego,nowa huta
świętego wojciecha,bronowice
świętej agnieszki,stare miasto
świętej anny,stare miasto
świętej bronisławy,zwierzyniec
świętej gertrudy,stare miasto
świętej katarzyny,stare miasto
świętej kingi,podgórze
świętej rodziny,bieńczyce
świętej teresy,stare miasto
świętojańska,dębniki
świętokrzyska,łobzów
świtezianki,grzegórzki
tabaczna,czyżyny
taborowa,prokocim-bieżanów
matki pauli zofii tajber,prądnik biały
władysława taklińskiego,swoszowice
teodora talowskiego,dębniki
czesława tańskiego,prokocim-bieżanów
tarasowa,nowa huta
księdza karola targosza,podgórze
targowa,podgórze
tarłowska,stare miasto
tarnobrzeska,wola duchacka
tarnowska,podgórze
jana tarnowskiego,podgórze
tatarakowa,nowa huta
tatarska,zwierzyniec
tatrzańska,podgórze
teatralne,nowa huta
leonida teligi,prokocim-bieżanów
telimeny,prokocim-bieżanów
tenczyńska,stare miasto
włodzimierza tetmajera,bronowice
tęczowa,łagiewniki
księdza józefa tischnera,podgórze
tkacka,łobzów
leona tochowicza,swoszowice
tokarska,łagiewniki
juliana tokarskiego,łobzów
biskupa piotra tomickiego,czyżyny
stanisława tomkowicza,prądnik biały
stanisława tondosa,zwierzyniec
topazowa,prokocim-bieżanów
topiarnia,swoszowice
topografów,dębniki
topolowa,grzegórzki
toporczyków,dębniki
torfowa,dębniki
torowa,swoszowice
toruńska,łobzów
towarowa,stare miasto
traczy,podgórze
romualda traugutta,podgórze
trawiasta,bronowice
trawniki,wola duchacka
tretówka,dębniki
piotra trębacza,prądnik czerwony
księdza franciszka trockiego,dębniki
truskawiecka,swoszowice
truskawkowa,nowa huta
księdza stanisława truszkowskiego,bronowice
trybuny ludów,wola duchacka
trynitarska,stare miasto
trzcinowa,grębałów
trzech króli,grębałów
tuchowska,swoszowice
tulipanowa,swoszowice
waleriana tumanowicza,prądnik biały
turecka,dębniki
księdza wincentego turka,podgórze
turkusowa,prądnik czerwony
turniejowa,wola duchacka
turonia,łagiewniki
jerzego turowicza,podgórze
turowiec,prądnik biały
turystyczna,prądnik biały
juliana tuwima,czyżyny
twardowskiego,dębniki
franciszka twaroga,grębałów
tymiankowa,nowa huta
tymotkowa,dębniki
tyniecka,dębniki
tynkarzy,łagiewniki
jana leopolda tyranowskiego,wola duchacka
tyrczanka,podgórze
tysiąclecia,mistrzejowice
ubeliny,grębałów
uboczna,zwierzyniec
seweryna udzieli,prokocim-bieżanów
ugorek,prądnik czerwony
ujastek,nowa huta
ujastek mogilski,nowa huta
kornela ujejskiego,zwierzyniec
ukośna,wola duchacka
ukryta,zwierzyniec
ułanów,prądnik czerwony
eugenii umińskiej,swoszowice
józefa unruga,dębniki
urbanistów,grębałów
witolda urbanowicza,bieńczyce
urocza,łagiewniki
urocze,nowa huta
urodzajna,prądnik biały
urszulki,bieńczyce
urwana,wola duchacka
urzędnicza,łobzów
uśmiech,podgórze
uzdrowiskowa,swoszowice
henryka uziembły,grębałów
adama vetulaniego,prądnik biały
leona wachholza,swoszowice
wadowicka,podgórze
wadowska,grębałów
waleczna,prądnik biały
walgierza wdałego,dębniki
andrzeja waligórskiego,nowa huta
zygmunta waliszewskiego,prądnik biały
bolesława wallek-walewskiego,bronowice
wałbrzyska,łagiewniki
wałowa,podgórze
wandejska,dębniki
wandy,nowa huta
melchiora wańkowicza,grębałów
wapienna,podgórze
wapiennik,bronowice
bernarda wapowskiego,dębniki
edwarda warchałowskiego,dębniki
warmijska,łobzów
warowna,swoszowice
warszauera,stare miasto
warszawska,stare miasto
józefa warszewicza,swoszowice
edmunda wasilewskiego,dębniki
jerzego waszyngtona,zwierzyniec
wawelska,mistrzejowice
tadeusza ważewskiego,swoszowice
porucznika wąchały,łagiewniki
wądół,prądnik biały
wąska,stare miasto
wąwozowa,grębałów
wczasowa,swoszowice
ferdynanda weigla,prokocim-bieżanów
wojciecha weissa,prądnik biały
piusa welońskiego,swoszowice
wenecja,stare miasto
wernyhory,bronowice
wincentego weryhy-darowskiego,bronowice
wesele,bronowice
westerplatte,stare miasto
wewnętrzna,prądnik biały
wędrowników,zwierzyniec
węgierska,podgórze
węglarska,podgórze
węgłowa,stare miasto
węgrzecka,prądnik biały
węgrzynowicka,nowa huta
franciszka wężyka,czyżyny
narcyza wiatra,nowa huta
wiatraczna,nowa huta
wiązowa,nowa huta
wichrowa,swoszowice
widłakowa,dębniki
widna,prądnik czerwony
widnokrąg,wola duchacka
widok,grzegórzki
wiedeńska,bronowice
wiejska,prądnik czerwony
macieja wielgusa,bieńczyce
wielicka,podgórze
wielkanocna,dębniki
wielkich pieców,grębałów
wielkie pola,grębałów
wielkotyrnowska,prądnik biały
wielogórska,dębniki
wielopole,stare miasto
henryka wieniawskiego,prądnik czerwony
wierchowa,swoszowice
wierzbowa,dębniki
mikołaja wierzynka,grębałów
kazimierza wierzyńskiego,bronowice
hieronima wietora,stare miasto
wiewiórcza,nowa huta
wiklinowa,czyżyny
wilcza,prądnik biały
wilczy stok,zwierzyniec
wileńska,prądnik czerwony
wilgotna,wola duchacka
wilhelma wilka-wyrwińskiego,grzegórzki
willowe,nowa huta
winnicka,dębniki
winowców,zwierzyniec
wiosenna,zwierzyniec
wioślarska,zwierzyniec
wiślicka,mistrzejowice
wiślisko,grzegórzki
wiślna,stare miasto
profesora jerzego wiśniewskiego,dębniki
wiśniowa,prądnik czerwony
jeremiego wiśniowieckiego,nowa huta
wiśniowy sad,nowa huta
witkowice nowe,prądnik biały
witkowicka,prądnik biały
wincentego witosa,wola duchacka
generał marii wittek,bronowice
edwarda wittiga,grębałów
wjazd,stare miasto
wjazdowa,bronowice
wlotowa,prokocim-bieżanów
władysława iv,grębałów
władysława jagiełły,grębałów
władysława łokietka,łobzów
bronisława włodarczyka,czyżyny
włodarska,łagiewniki
pawła włodkowica,prądnik czerwony
włoska,wola duchacka
włościańska,bronowice
włóczków,zwierzyniec
wodna,podgórze
wodociągowa,zwierzyniec
wodocza,grębałów
wodzickich,nowa huta
wincentego wodzinowskiego,prądnik biały
wojciecha z brudzewa,prokocim-bieżanów
stanisława wojciechowskiego,bieńczyce
wojenna,nowa huta
wojnicka,prokocim-bieżanów
wojskowa,łobzów
wolności,wola duchacka
wolska,prokocim-bieżanów
marszałka mikołaja wolskiego,zwierzyniec
michała wołodyjowskiego,nowa huta
stanisława worcella,stare miasto
jana woronicza,prądnik czerwony
woźniców,czyżyny
michała wójcickiego,bronowice
wójtowska,łobzów
feliksa wrobela,podgórze
wrocławska,łobzów
mieczysława wrony,dębniki
komandora bohdana wrońskiego,prokocim-bieżanów
zygmunta wróblewskiego,stare miasto
wróblowicka,swoszowice
wróżenicka,nowa huta
wrzesińska,stare miasto
wrzosowa,nowa huta
wspólna,łagiewniki
księdza jakuba wujka,dębniki
józefa wybickiego,prądnik biały
wyciąska,nowa huta
leona wyczółkowskiego,zwierzyniec
wygoda,stare miasto
wygrana,dębniki
kazimierza wyki,prądnik biały
wyłom,dębniki
wypoczynkowa,swoszowice
zygmunta wyrobka,zwierzyniec
wyrwa,wola duchacka
tadeusza wyrwy-furgalskiego,zwierzyniec
marii i bolesława wysłouchów,wola duchacka
piotra wysockiego,prądnik biały
stanisławy wysockiej,czyżyny
wysoka,prądnik czerwony
wysokie,bieńczyce
stanisława wyspiańskiego,łobzów
kazimierza wyżgi,zwierzyniec
wyżynna,wola duchacka
wzgórze,dębniki
xx pijarów,prądnik czerwony
zabawa,wola duchacka
zabłocie,podgórze
franciszka zabłockiego,mistrzejowice
zaborska,prądnik biały
zaborze,łagiewniki
jakuba zachemskiego,nowa huta
zachodnia,dębniki
zaciernie,dębniki
zacisze,stare miasto
zaczarowane koło,bronowice
zadworze,podgórze
zagaje,swoszowice
zagłoby,nowa huta
zagonów,dębniki
zagościniec,grębałów
za górą,nowa huta
zagórze,dębniki
zagrody,dębniki
księdza adolfa zagrodzkiego,łagiewniki
zagumnie,dębniki
zajęcza,czyżyny
zakamycze,zwierzyniec
zakarczmie,swoszowice
zakarnie,nowa huta
zakątek,łobzów
zakępie,nowa huta
zakleśnie,dębniki
zakliki z mydlnik,bronowice
zaklucze,bronowice
zakładowa,grębałów
zakole,grębałów
zakopiańska,łagiewniki
zakręt,zwierzyniec
zakrzowiecka,dębniki
zalesie,dębniki
bogdana zaleskiego,grzegórzki
za lipkami,podgórze
andrzeja i józefa załuskich,mistrzejowice
ludwika zamenhoffa,stare miasto
zamglona,dębniki
zamiejska,dębniki
zamknięta,podgórze
zamkowa,dębniki
zamłynie,prokocim-bieżanów
jana zamoyskiego,podgórze
tomasza zana,wola duchacka
za ogrodem,grębałów
zaogrodzie,zwierzyniec
gabrieli zapolskiej,bronowice
zaporębie,nowa huta
zaporoska,dębniki
zapusta,czyżyny
stanisława zaremby,prądnik biały
zarosie,prokocim-bieżanów
zarudawie,bronowice
mariusza zaruskiego,swoszowice
zarzecze,bronowice
wiesława zarzyckiego,prokocim-bieżanów
zaskale,zwierzyniec
za skłonem,zwierzyniec
księdza józefa zastawniaka,czyżyny
zaszkolna,zwierzyniec
zaścianek,zwierzyniec
za targiem,łobzów
za torem,podgórze
zatorska,dębniki
zaułek,podgórze
zaułek jugowicki,łagiewniki
zaułek wileński,prądnik czerwony
zawielgusie,grębałów
jerzego zawieyskiego,mistrzejowice
zawiła,dębniki
zawiszy,swoszowice
zawodzie,prądnik biały
zbaraska,dębniki
zbożowa,łobzów
zbrojarzy,łagiewniki
zbrojów,łobzów
zbydniowicka,swoszowice
zbyszka z bogdańca,nowa huta
zdrojowa,wola duchacka
zdrowa,prądnik biały
zdunów,łagiewniki
zduńska,dębniki
zefirowa,prądnik biały
emila zegadłowicza,stare miasto
aleksandra zelwerowicza,dębniki
zembrzycka,swoszowice
zesławicka,grębałów
zgody,nowa huta
ziarkowa,nowa huta
zieleniec,prokocim-bieżanów
zielińska,prądnik biały
generała bohdana zielińskiego,dębniki
zielna,dębniki
zielona,wola duchacka
zielone,nowa huta
zielone wzgórze,prądnik biały
zielonogórska,łagiewniki
zielony dół,zwierzyniec
zielony jar,grębałów
zielony most,bronowice
ziemianek,nowa huta
ziemska,nowa huta
michała zientary,dębniki
siostry zygmunty zimmer,swoszowice
zimna,wola duchacka
zimorodków,zwierzyniec
szymona zimorowicza,prądnik biały
stefana ziobrowskiego,łagiewniki
zjazdu gnieźnieńskiego,mistrzejowice
złocieniowa,prokocim-bieżanów
złoczowska,bieńczyce
złota,zwierzyniec
złota podkowa,bronowice
złotego wieku,mistrzejowice
złotej jesieni,bieńczyce
złoty róg,bronowice
fryderyka zolla,prokocim-bieżanów
zuchów,nowa huta
zwierzyniecka,stare miasto
zwycięstwa,grzegórzki
mikołaja zyblikiewicza,stare miasto
zygmunta augusta,grzegórzki
zygmunta starego,bronowice
zygmuntowska,prądnik biały
zyndrama z maszkowic,wola duchacka
dominika ździebły-danowskiego,prądnik biały
dominika ździebły-danowskiego,łobzów
źródlana,podgórze
żabia,prokocim-bieżanów
żabiniec,prądnik biały
żaglowa,nowa huta
michała żaka,wola duchacka
żaków krakowskich,swoszowice
żelazna,stare miasto
romana żelazowskiego,swoszowice
kaspra żelechowskiego,bronowice
władysława żeleńskiego,bronowice
kiejstuta żemaitisa,zwierzyniec
żeńców,podgórze
stefana żeromskiego,nowa huta
narcyzy żmichowskiej,łagiewniki
żmujdzka,prądnik biały
żniwna,prokocim-bieżanów
żołnierska,podgórze
żonkilowa,grębałów
hetmana stanisława żółkiewskiego,grzegórzki
żółtej ciżemki,grzegórzki
żółwia,nowa huta
żubrowa,zwierzyniec
jerzego żuławskiego,stare miasto
żułowska,prądnik czerwony
żurawia,prokocim-bieżanów
żwirki i wigury,prądnik czerwony
żwirowa,prądnik biały
żytnia,prądnik czerwony
żywiczna,zwierzyniec
żywiecka,łagiewniki
żyzna,dębniki
